Source,Target,Opinion
The Billhooks,The Billhooks,0.0
The Billhooks,The Brigade,0
The Billhooks,Bluecoats,0
The Billhooks,Cabbies,0
The Billhooks,The Church of the Ecstasy of the Flesh,1
The Billhooks,The Circle of Flame,0
The Billhooks,The Crows,0
The Billhooks,Cyphers,0
The Billhooks,Deathlands Scavengers,0
The Billhooks,The Dimmer Sisters,0
The Billhooks,Dockers,0
The Billhooks,The Fog Hounds,1
The Billhooks,The Forgotten Gods,0
The Billhooks,The Foundation,0
The Billhooks,Gondoliers,-1
The Billhooks,The Gray Cloaks,0
The Billhooks,The Grinders,0
The Billhooks,The Hive,1
The Billhooks,The Horde,-1
The Billhooks,Imperial Military,0
The Billhooks,Ink Rakes,2
The Billhooks,Inspectors,1
The Billhooks,Ironhook Prison,0
The Billhooks,The Lampblacks,0
The Billhooks,Leviathan Hunters,0
The Billhooks,Lord Scurlock,-1
The Billhooks,The Lost,0
The Billhooks,Ministry of Preservation,-1
The Billhooks,The Path of Echoes,0
The Billhooks,Rail Jacks,0
The Billhooks,The Reconciled,0
The Billhooks,The Red Sashes,0
The Billhooks,Sailors,0
The Billhooks,The Silver Nails,0
The Billhooks,Skovlander Refugees,-1
The Billhooks,Sparkwrights,0
The Billhooks,Spirit Wardens,-2
The Billhooks,Ulf Ironborn,2
The Billhooks,The Unseen,0
The Billhooks,The Weeping Lady,0
The Billhooks,The Wraiths,-1
The Billhooks,The Players,0
The Brigade,The Billhooks,1
The Brigade,The Brigade,0.0
The Brigade,Bluecoats,0
The Brigade,Cabbies,0
The Brigade,The Church of the Ecstasy of the Flesh,0
The Brigade,The Circle of Flame,0
The Brigade,The Crows,-1
The Brigade,Cyphers,0
The Brigade,Deathlands Scavengers,0
The Brigade,The Dimmer Sisters,1
The Brigade,Dockers,0
The Brigade,The Fog Hounds,0
The Brigade,The Forgotten Gods,0
The Brigade,The Foundation,-1
The Brigade,Gondoliers,0
The Brigade,The Gray Cloaks,0
The Brigade,The Grinders,-2
The Brigade,The Hive,0
The Brigade,The Horde,0
The Brigade,Imperial Military,0
The Brigade,Ink Rakes,0
The Brigade,Inspectors,0
The Brigade,Ironhook Prison,-1
The Brigade,The Lampblacks,-1
The Brigade,Leviathan Hunters,0
The Brigade,Lord Scurlock,-1
The Brigade,The Lost,0
The Brigade,Ministry of Preservation,0
The Brigade,The Path of Echoes,1
The Brigade,Rail Jacks,1
The Brigade,The Reconciled,0
The Brigade,The Red Sashes,1
The Brigade,Sailors,0
The Brigade,The Silver Nails,0
The Brigade,Skovlander Refugees,0
The Brigade,Sparkwrights,0
The Brigade,Spirit Wardens,0
The Brigade,Ulf Ironborn,0
The Brigade,The Unseen,1
The Brigade,The Weeping Lady,0
The Brigade,The Wraiths,0
The Brigade,The Players,0
Bluecoats,The Billhooks,1
Bluecoats,The Brigade,1
Bluecoats,Bluecoats,0.0
Bluecoats,Cabbies,0
Bluecoats,The Church of the Ecstasy of the Flesh,0
Bluecoats,The Circle of Flame,0
Bluecoats,The Crows,0
Bluecoats,Cyphers,0
Bluecoats,Deathlands Scavengers,0
Bluecoats,The Dimmer Sisters,-1
Bluecoats,Dockers,0
Bluecoats,The Fog Hounds,1
Bluecoats,The Forgotten Gods,0
Bluecoats,The Foundation,0
Bluecoats,Gondoliers,0
Bluecoats,The Gray Cloaks,0
Bluecoats,The Grinders,0
Bluecoats,The Hive,0
Bluecoats,The Horde,1
Bluecoats,Imperial Military,0
Bluecoats,Ink Rakes,-2
Bluecoats,Inspectors,1
Bluecoats,Ironhook Prison,0
Bluecoats,The Lampblacks,-1
Bluecoats,Leviathan Hunters,0
Bluecoats,Lord Scurlock,0
Bluecoats,The Lost,0
Bluecoats,Ministry of Preservation,0
Bluecoats,The Path of Echoes,0
Bluecoats,Rail Jacks,0
Bluecoats,The Reconciled,0
Bluecoats,The Red Sashes,1
Bluecoats,Sailors,0
Bluecoats,The Silver Nails,0
Bluecoats,Skovlander Refugees,0
Bluecoats,Sparkwrights,0
Bluecoats,Spirit Wardens,-1
Bluecoats,Ulf Ironborn,0
Bluecoats,The Unseen,0
Bluecoats,The Weeping Lady,0
Bluecoats,The Wraiths,0
Bluecoats,The Players,0
Cabbies,The Billhooks,0
Cabbies,The Brigade,0
Cabbies,Bluecoats,0
Cabbies,Cabbies,0.0
Cabbies,The Church of the Ecstasy of the Flesh,1
Cabbies,The Circle of Flame,0
Cabbies,The Crows,1
Cabbies,Cyphers,0
Cabbies,Deathlands Scavengers,1
Cabbies,The Dimmer Sisters,1
Cabbies,Dockers,0
Cabbies,The Fog Hounds,0
Cabbies,The Forgotten Gods,0
Cabbies,The Foundation,0
Cabbies,Gondoliers,0
Cabbies,The Gray Cloaks,0
Cabbies,The Grinders,0
Cabbies,The Hive,0
Cabbies,The Horde,1
Cabbies,Imperial Military,0
Cabbies,Ink Rakes,0
Cabbies,Inspectors,0
Cabbies,Ironhook Prison,0
Cabbies,The Lampblacks,0
Cabbies,Leviathan Hunters,1
Cabbies,Lord Scurlock,0
Cabbies,The Lost,0
Cabbies,Ministry of Preservation,0
Cabbies,The Path of Echoes,0
Cabbies,Rail Jacks,0
Cabbies,The Reconciled,1
Cabbies,The Red Sashes,0
Cabbies,Sailors,0
Cabbies,The Silver Nails,0
Cabbies,Skovlander Refugees,0
Cabbies,Sparkwrights,0
Cabbies,Spirit Wardens,1
Cabbies,Ulf Ironborn,-1
Cabbies,The Unseen,0
Cabbies,The Weeping Lady,0
Cabbies,The Wraiths,-1
Cabbies,The Players,0
The Church of the Ecstasy of the Flesh,The Billhooks,0
The Church of the Ecstasy of the Flesh,The Brigade,3
The Church of the Ecstasy of the Flesh,Bluecoats,-2
The Church of the Ecstasy of the Flesh,Cabbies,0
The Church of the Ecstasy of the Flesh,The Church of the Ecstasy of the Flesh,0.0
The Church of the Ecstasy of the Flesh,The Circle of Flame,-2
The Church of the Ecstasy of the Flesh,The Crows,0
The Church of the Ecstasy of the Flesh,Cyphers,1
The Church of the Ecstasy of the Flesh,Deathlands Scavengers,0
The Church of the Ecstasy of the Flesh,The Dimmer Sisters,-2
The Church of the Ecstasy of the Flesh,Dockers,-1
The Church of the Ecstasy of the Flesh,The Fog Hounds,0
The Church of the Ecstasy of the Flesh,The Forgotten Gods,2
The Church of the Ecstasy of the Flesh,The Foundation,0
The Church of the Ecstasy of the Flesh,Gondoliers,0
The Church of the Ecstasy of the Flesh,The Gray Cloaks,0
The Church of the Ecstasy of the Flesh,The Grinders,0
The Church of the Ecstasy of the Flesh,The Hive,0
The Church of the Ecstasy of the Flesh,The Horde,0
The Church of the Ecstasy of the Flesh,Imperial Military,0
The Church of the Ecstasy of the Flesh,Ink Rakes,0
The Church of the Ecstasy of the Flesh,Inspectors,1
The Church of the Ecstasy of the Flesh,Ironhook Prison,0
The Church of the Ecstasy of the Flesh,The Lampblacks,-1
The Church of the Ecstasy of the Flesh,Leviathan Hunters,0
The Church of the Ecstasy of the Flesh,Lord Scurlock,1
The Church of the Ecstasy of the Flesh,The Lost,0
The Church of the Ecstasy of the Flesh,Ministry of Preservation,-1
The Church of the Ecstasy of the Flesh,The Path of Echoes,0
The Church of the Ecstasy of the Flesh,Rail Jacks,0
The Church of the Ecstasy of the Flesh,The Reconciled,0
The Church of the Ecstasy of the Flesh,The Red Sashes,1
The Church of the Ecstasy of the Flesh,Sailors,1
The Church of the Ecstasy of the Flesh,The Silver Nails,0
The Church of the Ecstasy of the Flesh,Skovlander Refugees,-1
The Church of the Ecstasy of the Flesh,Sparkwrights,1
The Church of the Ecstasy of the Flesh,Spirit Wardens,0
The Church of the Ecstasy of the Flesh,Ulf Ironborn,1
The Church of the Ecstasy of the Flesh,The Unseen,0
The Church of the Ecstasy of the Flesh,The Weeping Lady,0
The Church of the Ecstasy of the Flesh,The Wraiths,0
The Church of the Ecstasy of the Flesh,The Players,-1
The Circle of Flame,The Billhooks,1
The Circle of Flame,The Brigade,0
The Circle of Flame,Bluecoats,-1
The Circle of Flame,Cabbies,0
The Circle of Flame,The Church of the Ecstasy of the Flesh,0
The Circle of Flame,The Circle of Flame,0.0
The Circle of Flame,The Crows,0
The Circle of Flame,Cyphers,0
The Circle of Flame,Deathlands Scavengers,0
The Circle of Flame,The Dimmer Sisters,-1
The Circle of Flame,Dockers,0
The Circle of Flame,The Fog Hounds,0
The Circle of Flame,The Forgotten Gods,0
The Circle of Flame,The Foundation,-1
The Circle of Flame,Gondoliers,0
The Circle of Flame,The Gray Cloaks,0
The Circle of Flame,The Grinders,0
The Circle of Flame,The Hive,-1
The Circle of Flame,The Horde,0
The Circle of Flame,Imperial Military,0
The Circle of Flame,Ink Rakes,0
The Circle of Flame,Inspectors,0
The Circle of Flame,Ironhook Prison,0
The Circle of Flame,The Lampblacks,0
The Circle of Flame,Leviathan Hunters,0
The Circle of Flame,Lord Scurlock,0
The Circle of Flame,The Lost,0
The Circle of Flame,Ministry of Preservation,1
The Circle of Flame,The Path of Echoes,0
The Circle of Flame,Rail Jacks,-2
The Circle of Flame,The Reconciled,0
The Circle of Flame,The Red Sashes,-1
The Circle of Flame,Sailors,0
The Circle of Flame,The Silver Nails,0
The Circle of Flame,Skovlander Refugees,1
The Circle of Flame,Sparkwrights,0
The Circle of Flame,Spirit Wardens,1
The Circle of Flame,Ulf Ironborn,0
The Circle of Flame,The Unseen,0
The Circle of Flame,The Weeping Lady,-1
The Circle of Flame,The Wraiths,0
The Circle of Flame,The Players,2
The Crows,The Billhooks,-1
The Crows,The Brigade,0
The Crows,Bluecoats,-2
The Crows,Cabbies,0
The Crows,The Church of the Ecstasy of the Flesh,-1
The Crows,The Circle of Flame,0
The Crows,The Crows,0.0
The Crows,Cyphers,0
The Crows,Deathlands Scavengers,-2
The Crows,The Dimmer Sisters,-1
The Crows,Dockers,0
The Crows,The Fog Hounds,-1
The Crows,The Forgotten Gods,0
The Crows,The Foundation,0
The Crows,Gondoliers,-1
The Crows,The Gray Cloaks,0
The Crows,The Grinders,0
The Crows,The Hive,-1
The Crows,The Horde,2
The Crows,Imperial Military,0
The Crows,Ink Rakes,0
The Crows,Inspectors,-1
The Crows,Ironhook Prison,1
The Crows,The Lampblacks,-1
The Crows,Leviathan Hunters,0
The Crows,Lord Scurlock,-1
The Crows,The Lost,0
The Crows,Ministry of Preservation,-1
The Crows,The Path of Echoes,0
The Crows,Rail Jacks,-1
The Crows,The Reconciled,0
The Crows,The Red Sashes,-1
The Crows,Sailors,0
The Crows,The Silver Nails,-1
The Crows,Skovlander Refugees,0
The Crows,Sparkwrights,2
The Crows,Spirit Wardens,0
The Crows,Ulf Ironborn,0
The Crows,The Unseen,0
The Crows,The Weeping Lady,1
The Crows,The Wraiths,0
The Crows,The Players,0
Cyphers,The Billhooks,0
Cyphers,The Brigade,1
Cyphers,Bluecoats,0
Cyphers,Cabbies,0
Cyphers,The Church of the Ecstasy of the Flesh,1
Cyphers,The Circle of Flame,-1
Cyphers,The Crows,-1
Cyphers,Cyphers,0.0
Cyphers,Deathlands Scavengers,0
Cyphers,The Dimmer Sisters,0
Cyphers,Dockers,0
Cyphers,The Fog Hounds,0
Cyphers,The Forgotten Gods,0
Cyphers,The Foundation,0
Cyphers,Gondoliers,0
Cyphers,The Gray Cloaks,0
Cyphers,The Grinders,1
Cyphers,The Hive,0
Cyphers,The Horde,0
Cyphers,Imperial Military,0
Cyphers,Ink Rakes,0
Cyphers,Inspectors,0
Cyphers,Ironhook Prison,0
Cyphers,The Lampblacks,-1
Cyphers,Leviathan Hunters,0
Cyphers,Lord Scurlock,0
Cyphers,The Lost,0
Cyphers,Ministry of Preservation,1
Cyphers,The Path of Echoes,-1
Cyphers,Rail Jacks,0
Cyphers,The Reconciled,0
Cyphers,The Red Sashes,0
Cyphers,Sailors,1
Cyphers,The Silver Nails,0
Cyphers,Skovlander Refugees,0
Cyphers,Sparkwrights,-1
Cyphers,Spirit Wardens,0
Cyphers,Ulf Ironborn,0
Cyphers,The Unseen,-1
Cyphers,The Weeping Lady,0
Cyphers,The Wraiths,-2
Cyphers,The Players,0
Deathlands Scavengers,The Billhooks,0
Deathlands Scavengers,The Brigade,2
Deathlands Scavengers,Bluecoats,-2
Deathlands Scavengers,Cabbies,-1
Deathlands Scavengers,The Church of the Ecstasy of the Flesh,0
Deathlands Scavengers,The Circle of Flame,0
Deathlands Scavengers,The Crows,0
Deathlands Scavengers,Cyphers,0
Deathlands Scavengers,Deathlands Scavengers,0.0
Deathlands Scavengers,The Dimmer Sisters,0
Deathlands Scavengers,Dockers,2
Deathlands Scavengers,The Fog Hounds,-1
Deathlands Scavengers,The Forgotten Gods,0
Deathlands Scavengers,The Foundation,0
Deathlands Scavengers,Gondoliers,0
Deathlands Scavengers,The Gray Cloaks,0
Deathlands Scavengers,The Grinders,-1
Deathlands Scavengers,The Hive,0
Deathlands Scavengers,The Horde,-1
Deathlands Scavengers,Imperial Military,-1
Deathlands Scavengers,Ink Rakes,0
Deathlands Scavengers,Inspectors,-1
Deathlands Scavengers,Ironhook Prison,-1
Deathlands Scavengers,The Lampblacks,0
Deathlands Scavengers,Leviathan Hunters,-1
Deathlands Scavengers,Lord Scurlock,0
Deathlands Scavengers,The Lost,0
Deathlands Scavengers,Ministry of Preservation,0
Deathlands Scavengers,The Path of Echoes,0
Deathlands Scavengers,Rail Jacks,0
Deathlands Scavengers,The Reconciled,1
Deathlands Scavengers,The Red Sashes,0
Deathlands Scavengers,Sailors,0
Deathlands Scavengers,The Silver Nails,0
Deathlands Scavengers,Skovlander Refugees,0
Deathlands Scavengers,Sparkwrights,0
Deathlands Scavengers,Spirit Wardens,0
Deathlands Scavengers,Ulf Ironborn,0
Deathlands Scavengers,The Unseen,1
Deathlands Scavengers,The Weeping Lady,0
Deathlands Scavengers,The Wraiths,1
Deathlands Scavengers,The Players,0
The Dimmer Sisters,The Billhooks,0
The Dimmer Sisters,The Brigade,-1
The Dimmer Sisters,Bluecoats,0
The Dimmer Sisters,Cabbies,0
The Dimmer Sisters,The Church of the Ecstasy of the Flesh,0
The Dimmer Sisters,The Circle of Flame,-1
The Dimmer Sisters,The Crows,0
The Dimmer Sisters,Cyphers,0
The Dimmer Sisters,Deathlands Scavengers,0
The Dimmer Sisters,The Dimmer Sisters,0.0
The Dimmer Sisters,Dockers,1
The Dimmer Sisters,The Fog Hounds,0
The Dimmer Sisters,The Forgotten Gods,0
The Dimmer Sisters,The Foundation,1
The Dimmer Sisters,Gondoliers,0
The Dimmer Sisters,The Gray Cloaks,0
The Dimmer Sisters,The Grinders,1
The Dimmer Sisters,The Hive,0
The Dimmer Sisters,The Horde,0
The Dimmer Sisters,Imperial Military,0
The Dimmer Sisters,Ink Rakes,0
The Dimmer Sisters,Inspectors,0
The Dimmer Sisters,Ironhook Prison,0
The Dimmer Sisters,The Lampblacks,0
The Dimmer Sisters,Leviathan Hunters,-1
The Dimmer Sisters,Lord Scurlock,0
The Dimmer Sisters,The Lost,-1
The Dimmer Sisters,Ministry of Preservation,1
The Dimmer Sisters,The Path of Echoes,-1
The Dimmer Sisters,Rail Jacks,1
The Dimmer Sisters,The Reconciled,0
The Dimmer Sisters,The Red Sashes,0
The Dimmer Sisters,Sailors,1
The Dimmer Sisters,The Silver Nails,0
The Dimmer Sisters,Skovlander Refugees,0
The Dimmer Sisters,Sparkwrights,0
The Dimmer Sisters,Spirit Wardens,-1
The Dimmer Sisters,Ulf Ironborn,0
The Dimmer Sisters,The Unseen,0
The Dimmer Sisters,The Weeping Lady,0
The Dimmer Sisters,The Wraiths,0
The Dimmer Sisters,The Players,0
Dockers,The Billhooks,0
Dockers,The Brigade,0
Dockers,Bluecoats,-1
Dockers,Cabbies,-1
Dockers,The Church of the Ecstasy of the Flesh,0
Dockers,The Circle of Flame,1
Dockers,The Crows,-1
Dockers,Cyphers,0
Dockers,Deathlands Scavengers,2
Dockers,The Dimmer Sisters,1
Dockers,Dockers,0.0
Dockers,The Fog Hounds,0
Dockers,The Forgotten Gods,0
Dockers,The Foundation,0
Dockers,Gondoliers,1
Dockers,The Gray Cloaks,-2
Dockers,The Grinders,0
Dockers,The Hive,1
Dockers,The Horde,0
Dockers,Imperial Military,0
Dockers,Ink Rakes,0
Dockers,Inspectors,0
Dockers,Ironhook Prison,0
Dockers,The Lampblacks,0
Dockers,Leviathan Hunters,0
Dockers,Lord Scurlock,0
Dockers,The Lost,0
Dockers,Ministry of Preservation,0
Dockers,The Path of Echoes,0
Dockers,Rail Jacks,1
Dockers,The Reconciled,0
Dockers,The Red Sashes,0
Dockers,Sailors,1
Dockers,The Silver Nails,0
Dockers,Skovlander Refugees,0
Dockers,Sparkwrights,0
Dockers,Spirit Wardens,2
Dockers,Ulf Ironborn,1
Dockers,The Unseen,0
Dockers,The Weeping Lady,0
Dockers,The Wraiths,0
Dockers,The Players,-1
The Fog Hounds,The Billhooks,-1
The Fog Hounds,The Brigade,0
The Fog Hounds,Bluecoats,0
The Fog Hounds,Cabbies,0
The Fog Hounds,The Church of the Ecstasy of the Flesh,0
The Fog Hounds,The Circle of Flame,1
The Fog Hounds,The Crows,0
The Fog Hounds,Cyphers,1
The Fog Hounds,Deathlands Scavengers,0
The Fog Hounds,The Dimmer Sisters,0
The Fog Hounds,Dockers,0
The Fog Hounds,The Fog Hounds,0.0
The Fog Hounds,The Forgotten Gods,0
The Fog Hounds,The Foundation,1
The Fog Hounds,Gondoliers,0
The Fog Hounds,The Gray Cloaks,-1
The Fog Hounds,The Grinders,0
The Fog Hounds,The Hive,0
The Fog Hounds,The Horde,0
The Fog Hounds,Imperial Military,1
The Fog Hounds,Ink Rakes,1
The Fog Hounds,Inspectors,0
The Fog Hounds,Ironhook Prison,0
The Fog Hounds,The Lampblacks,0
The Fog Hounds,Leviathan Hunters,0
The Fog Hounds,Lord Scurlock,0
The Fog Hounds,The Lost,0
The Fog Hounds,Ministry of Preservation,-1
The Fog Hounds,The Path of Echoes,0
The Fog Hounds,Rail Jacks,0
The Fog Hounds,The Reconciled,1
The Fog Hounds,The Red Sashes,-1
The Fog Hounds,Sailors,0
The Fog Hounds,The Silver Nails,0
The Fog Hounds,Skovlander Refugees,0
The Fog Hounds,Sparkwrights,-1
The Fog Hounds,Spirit Wardens,0
The Fog Hounds,Ulf Ironborn,1
The Fog Hounds,The Unseen,1
The Fog Hounds,The Weeping Lady,0
The Fog Hounds,The Wraiths,1
The Fog Hounds,The Players,0
The Forgotten Gods,The Billhooks,0
The Forgotten Gods,The Brigade,0
The Forgotten Gods,Bluecoats,0
The Forgotten Gods,Cabbies,0
The Forgotten Gods,The Church of the Ecstasy of the Flesh,0
The Forgotten Gods,The Circle of Flame,2
The Forgotten Gods,The Crows,0
The Forgotten Gods,Cyphers,-1
The Forgotten Gods,Deathlands Scavengers,0
The Forgotten Gods,The Dimmer Sisters,0
The Forgotten Gods,Dockers,0
The Forgotten Gods,The Fog Hounds,0
The Forgotten Gods,The Forgotten Gods,0.0
The Forgotten Gods,The Foundation,0
The Forgotten Gods,Gondoliers,0
The Forgotten Gods,The Gray Cloaks,0
The Forgotten Gods,The Grinders,0
The Forgotten Gods,The Hive,0
The Forgotten Gods,The Horde,2
The Forgotten Gods,Imperial Military,1
The Forgotten Gods,Ink Rakes,0
The Forgotten Gods,Inspectors,1
The Forgotten Gods,Ironhook Prison,0
The Forgotten Gods,The Lampblacks,-1
The Forgotten Gods,Leviathan Hunters,0
The Forgotten Gods,Lord Scurlock,0
The Forgotten Gods,The Lost,-1
The Forgotten Gods,Ministry of Preservation,0
The Forgotten Gods,The Path of Echoes,0
The Forgotten Gods,Rail Jacks,0
The Forgotten Gods,The Reconciled,0
The Forgotten Gods,The Red Sashes,0
The Forgotten Gods,Sailors,0
The Forgotten Gods,The Silver Nails,0
The Forgotten Gods,Skovlander Refugees,-2
The Forgotten Gods,Sparkwrights,-1
The Forgotten Gods,Spirit Wardens,0
The Forgotten Gods,Ulf Ironborn,0
The Forgotten Gods,The Unseen,-1
The Forgotten Gods,The Weeping Lady,-1
The Forgotten Gods,The Wraiths,0
The Forgotten Gods,The Players,-1
The Foundation,The Billhooks,0
The Foundation,The Brigade,-1
The Foundation,Bluecoats,0
The Foundation,Cabbies,0
The Foundation,The Church of the Ecstasy of the Flesh,0
The Foundation,The Circle of Flame,-1
The Foundation,The Crows,0
The Foundation,Cyphers,0
The Foundation,Deathlands Scavengers,0
The Foundation,The Dimmer Sisters,0
The Foundation,Dockers,1
The Foundation,The Fog Hounds,0
The Foundation,The Forgotten Gods,0
The Foundation,The Foundation,0.0
The Foundation,Gondoliers,0
The Foundation,The Gray Cloaks,2
The Foundation,The Grinders,1
The Foundation,The Hive,0
The Foundation,The Horde,1
The Foundation,Imperial Military,1
The Foundation,Ink Rakes,-1
The Foundation,Inspectors,0
The Foundation,Ironhook Prison,0
The Foundation,The Lampblacks,0
The Foundation,Leviathan Hunters,0
The Foundation,Lord Scurlock,0
The Foundation,The Lost,-1
The Foundation,Ministry of Preservation,0
The Foundation,The Path of Echoes,0
The Foundation,Rail Jacks,0
The Foundation,The Reconciled,-2
The Foundation,The Red Sashes,0
The Foundation,Sailors,0
The Foundation,The Silver Nails,1
The Foundation,Skovlander Refugees,0
The Foundation,Sparkwrights,0
The Foundation,Spirit Wardens,0
The Foundation,Ulf Ironborn,2
The Foundation,The Unseen,0
The Foundation,The Weeping Lady,0
The Foundation,The Wraiths,0
The Foundation,The Players,1
Gondoliers,The Billhooks,0
Gondoliers,The Brigade,0
Gondoliers,Bluecoats,-1
Gondoliers,Cabbies,0
Gondoliers,The Church of the Ecstasy of the Flesh,-2
Gondoliers,The Circle of Flame,0
Gondoliers,The Crows,2
Gondoliers,Cyphers,-1
Gondoliers,Deathlands Scavengers,0
Gondoliers,The Dimmer Sisters,0
Gondoliers,Dockers,1
Gondoliers,The Fog Hounds,0
Gondoliers,The Forgotten Gods,0
Gondoliers,The Foundation,1
Gondoliers,Gondoliers,0.0
Gondoliers,The Gray Cloaks,0
Gondoliers,The Grinders,0
Gondoliers,The Hive,0
Gondoliers,The Horde,0
Gondoliers,Imperial Military,0
Gondoliers,Ink Rakes,-1
Gondoliers,Inspectors,0
Gondoliers,Ironhook Prison,0
Gondoliers,The Lampblacks,0
Gondoliers,Leviathan Hunters,0
Gondoliers,Lord Scurlock,0
Gondoliers,The Lost,0
Gondoliers,Ministry of Preservation,0
Gondoliers,The Path of Echoes,0
Gondoliers,Rail Jacks,0
Gondoliers,The Reconciled,0
Gondoliers,The Red Sashes,0
Gondoliers,Sailors,0
Gondoliers,The Silver Nails,-1
Gondoliers,Skovlander Refugees,2
Gondoliers,Sparkwrights,-1
Gondoliers,Spirit Wardens,0
Gondoliers,Ulf Ironborn,-1
Gondoliers,The Unseen,0
Gondoliers,The Weeping Lady,0
Gondoliers,The Wraiths,-1
Gondoliers,The Players,0
The Gray Cloaks,The Billhooks,0
The Gray Cloaks,The Brigade,0
The Gray Cloaks,Bluecoats,0
The Gray Cloaks,Cabbies,0
The Gray Cloaks,The Church of the Ecstasy of the Flesh,0
The Gray Cloaks,The Circle of Flame,-1
The Gray Cloaks,The Crows,0
The Gray Cloaks,Cyphers,0
The Gray Cloaks,Deathlands Scavengers,0
The Gray Cloaks,The Dimmer Sisters,1
The Gray Cloaks,Dockers,1
The Gray Cloaks,The Fog Hounds,0
The Gray Cloaks,The Forgotten Gods,0
The Gray Cloaks,The Foundation,1
The Gray Cloaks,Gondoliers,1
The Gray Cloaks,The Gray Cloaks,0.0
The Gray Cloaks,The Grinders,0
The Gray Cloaks,The Hive,0
The Gray Cloaks,The Horde,0
The Gray Cloaks,Imperial Military,-1
The Gray Cloaks,Ink Rakes,0
The Gray Cloaks,Inspectors,-1
The Gray Cloaks,Ironhook Prison,0
The Gray Cloaks,The Lampblacks,1
The Gray Cloaks,Leviathan Hunters,-1
The Gray Cloaks,Lord Scurlock,0
The Gray Cloaks,The Lost,1
The Gray Cloaks,Ministry of Preservation,0
The Gray Cloaks,The Path of Echoes,0
The Gray Cloaks,Rail Jacks,0
The Gray Cloaks,The Reconciled,1
The Gray Cloaks,The Red Sashes,0
The Gray Cloaks,Sailors,1
The Gray Cloaks,The Silver Nails,-1
The Gray Cloaks,Skovlander Refugees,-1
The Gray Cloaks,Sparkwrights,-1
The Gray Cloaks,Spirit Wardens,0
The Gray Cloaks,Ulf Ironborn,0
The Gray Cloaks,The Unseen,0
The Gray Cloaks,The Weeping Lady,0
The Gray Cloaks,The Wraiths,0
The Gray Cloaks,The Players,-1
The Grinders,The Billhooks,0
The Grinders,The Brigade,0
The Grinders,Bluecoats,1
The Grinders,Cabbies,0
The Grinders,The Church of the Ecstasy of the Flesh,-1
The Grinders,The Circle of Flame,1
The Grinders,The Crows,0
The Grinders,Cyphers,0
The Grinders,Deathlands Scavengers,0
The Grinders,The Dimmer Sisters,0
The Grinders,Dockers,0
The Grinders,The Fog Hounds,0
The Grinders,The Forgotten Gods,0
The Grinders,The Foundation,-1
The Grinders,Gondoliers,-1
The Grinders,The Gray Cloaks,0
The Grinders,The Grinders,0.0
The Grinders,The Hive,1
The Grinders,The Horde,0
The Grinders,Imperial Military,0
The Grinders,Ink Rakes,0
The Grinders,Inspectors,0
The Grinders,Ironhook Prison,0
The Grinders,The Lampblacks,0
The Grinders,Leviathan Hunters,0
The Grinders,Lord Scurlock,1
The Grinders,The Lost,0
The Grinders,Ministry of Preservation,-1
The Grinders,The Path of Echoes,0
The Grinders,Rail Jacks,1
The Grinders,The Reconciled,0
The Grinders,The Red Sashes,1
The Grinders,Sailors,-1
The Grinders,The Silver Nails,0
The Grinders,Skovlander Refugees,0
The Grinders,Sparkwrights,0
The Grinders,Spirit Wardens,-2
The Grinders,Ulf Ironborn,0
The Grinders,The Unseen,0
The Grinders,The Weeping Lady,0
The Grinders,The Wraiths,-1
The Grinders,The Players,0
The Hive,The Billhooks,0
The Hive,The Brigade,1
The Hive,Bluecoats,1
The Hive,Cabbies,0
The Hive,The Church of the Ecstasy of the Flesh,0
The Hive,The Circle of Flame,0
The Hive,The Crows,0
The Hive,Cyphers,0
The Hive,Deathlands Scavengers,0
The Hive,The Dimmer Sisters,0
The Hive,Dockers,0
The Hive,The Fog Hounds,1
The Hive,The Forgotten Gods,0
The Hive,The Foundation,0
The Hive,Gondoliers,1
The Hive,The Gray Cloaks,0
The Hive,The Grinders,0
The Hive,The Hive,0.0
The Hive,The Horde,0
The Hive,Imperial Military,0
The Hive,Ink Rakes,0
The Hive,Inspectors,0
The Hive,Ironhook Prison,0
The Hive,The Lampblacks,0
The Hive,Leviathan Hunters,0
The Hive,Lord Scurlock,0
The Hive,The Lost,1
The Hive,Ministry of Preservation,0
The Hive,The Path of Echoes,0
The Hive,Rail Jacks,0
The Hive,The Reconciled,0
The Hive,The Red Sashes,0
The Hive,Sailors,0
The Hive,The Silver Nails,0
The Hive,Skovlander Refugees,0
The Hive,Sparkwrights,0
The Hive,Spirit Wardens,0
The Hive,Ulf Ironborn,-1
The Hive,The Unseen,0
The Hive,The Weeping Lady,0
The Hive,The Wraiths,0
The Hive,The Players,1
The Horde,The Billhooks,1
The Horde,The Brigade,2
The Horde,Bluecoats,0
The Horde,Cabbies,0
The Horde,The Church of the Ecstasy of the Flesh,0
The Horde,The Circle of Flame,1
The Horde,The Crows,0
The Horde,Cyphers,0
The Horde,Deathlands Scavengers,-1
The Horde,The Dimmer Sisters,1
The Horde,Dockers,1
The Horde,The Fog Hounds,1
The Horde,The Forgotten Gods,-1
The Horde,The Foundation,-1
The Horde,Gondoliers,1
The Horde,The Gray Cloaks,-1
The Horde,The Grinders,0
The Horde,The Hive,0
The Horde,The Horde,0.0
The Horde,Imperial Military,0
The Horde,Ink Rakes,0
The Horde,Inspectors,-2
The Horde,Ironhook Prison,-1
The Horde,The Lampblacks,0
The Horde,Leviathan Hunters,0
The Horde,Lord Scurlock,-1
The Horde,The Lost,0
The Horde,Ministry of Preservation,-1
The Horde,The Path of Echoes,0
The Horde,Rail Jacks,0
The Horde,The Reconciled,1
The Horde,The Red Sashes,0
The Horde,Sailors,0
The Horde,The Silver Nails,0
The Horde,Skovlander Refugees,-1
The Horde,Sparkwrights,0
The Horde,Spirit Wardens,-1
The Horde,Ulf Ironborn,0
The Horde,The Unseen,0
The Horde,The Weeping Lady,0
The Horde,The Wraiths,0
The Horde,The Players,1
Imperial Military,The Billhooks,-1
Imperial Military,The Brigade,0
Imperial Military,Bluecoats,1
Imperial Military,Cabbies,0
Imperial Military,The Church of the Ecstasy of the Flesh,0
Imperial Military,The Circle of Flame,0
Imperial Military,The Crows,-1
Imperial Military,Cyphers,0
Imperial Military,Deathlands Scavengers,0
Imperial Military,The Dimmer Sisters,2
Imperial Military,Dockers,-1
Imperial Military,The Fog Hounds,0
Imperial Military,The Forgotten Gods,0
Imperial Military,The Foundation,2
Imperial Military,Gondoliers,1
Imperial Military,The Gray Cloaks,1
Imperial Military,The Grinders,0
Imperial Military,The Hive,0
Imperial Military,The Horde,1
Imperial Military,Imperial Military,0.0
Imperial Military,Ink Rakes,0
Imperial Military,Inspectors,0
Imperial Military,Ironhook Prison,0
Imperial Military,The Lampblacks,0
Imperial Military,Leviathan Hunters,0
Imperial Military,Lord Scurlock,1
Imperial Military,The Lost,-1
Imperial Military,Ministry of Preservation,0
Imperial Military,The Path of Echoes,0
Imperial Military,Rail Jacks,0
Imperial Military,The Reconciled,-1
Imperial Military,The Red Sashes,0
Imperial Military,Sailors,0
Imperial Military,The Silver Nails,-1
Imperial Military,Skovlander Refugees,0
Imperial Military,Sparkwrights,0
Imperial Military,Spirit Wardens,0
Imperial Military,Ulf Ironborn,-2
Imperial Military,The Unseen,0
Imperial Military,The Weeping Lady,-1
Imperial Military,The Wraiths,0
Imperial Military,The Players,-1
Ink Rakes,The Billhooks,0
Ink Rakes,The Brigade,0
Ink Rakes,Bluecoats,0
Ink Rakes,Cabbies,0
Ink Rakes,The Church of the Ecstasy of the Flesh,0
Ink Rakes,The Circle of Flame,0
Ink Rakes,The Crows,0
Ink Rakes,Cyphers,1
Ink Rakes,Deathlands Scavengers,0
Ink Rakes,The Dimmer Sisters,0
Ink Rakes,Dockers,0
Ink Rakes,The Fog Hounds,0
Ink Rakes,The Forgotten Gods,-1
Ink Rakes,The Foundation,0
Ink Rakes,Gondoliers,1
Ink Rakes,The Gray Cloaks,0
Ink Rakes,The Grinders,0
Ink Rakes,The Hive,-1
Ink Rakes,The Horde,0
Ink Rakes,Imperial Military,0
Ink Rakes,Ink Rakes,0.0
Ink Rakes,Inspectors,0
Ink Rakes,Ironhook Prison,-1
Ink Rakes,The Lampblacks,1
Ink Rakes,Leviathan Hunters,0
Ink Rakes,Lord Scurlock,0
Ink Rakes,The Lost,0
Ink Rakes,Ministry of Preservation,0
Ink Rakes,The Path of Echoes,0
Ink Rakes,Rail Jacks,0
Ink Rakes,The Reconciled,1
Ink Rakes,The Red Sashes,1
Ink Rakes,Sailors,-1
Ink Rakes,The Silver Nails,1
Ink Rakes,Skovlander Refugees,-1
Ink Rakes,Sparkwrights,-1
Ink Rakes,Spirit Wardens,2
Ink Rakes,Ulf Ironborn,0
Ink Rakes,The Unseen,1
Ink Rakes,The Weeping Lady,0
Ink Rakes,The Wraiths,0
Ink Rakes,The Players,0
Inspectors,The Billhooks,-2
Inspectors,The Brigade,0
Inspectors,Bluecoats,0
Inspectors,Cabbies,0
Inspectors,The Church of the Ecstasy of the Flesh,0
Inspectors,The Circle of Flame,0
Inspectors,The Crows,0
Inspectors,Cyphers,0
Inspectors,Deathlands Scavengers,1
Inspectors,The Dimmer Sisters,0
Inspectors,Dockers,0
Inspectors,The Fog Hounds,0
Inspectors,The Forgotten Gods,1
Inspectors,The Foundation,0
Inspectors,Gondoliers,2
Inspectors,The Gray Cloaks,0
Inspectors,The Grinders,0
Inspectors,The Hive,-2
Inspectors,The Horde,0
Inspectors,Imperial Military,0
Inspectors,Ink Rakes,0
Inspectors,Inspectors,0.0
Inspectors,Ironhook Prison,0
Inspectors,The Lampblacks,0
Inspectors,Leviathan Hunters,0
Inspectors,Lord Scurlock,-1
Inspectors,The Lost,2
Inspectors,Ministry of Preservation,0
Inspectors,The Path of Echoes,0
Inspectors,Rail Jacks,1
Inspectors,The Reconciled,-2
Inspectors,The Red Sashes,0
Inspectors,Sailors,1
Inspectors,The Silver Nails,0
Inspectors,Skovlander Refugees,-1
Inspectors,Sparkwrights,0
Inspectors,Spirit Wardens,0
Inspectors,Ulf Ironborn,0
Inspectors,The Unseen,1
Inspectors,The Weeping Lady,0
Inspectors,The Wraiths,-1
Inspectors,The Players,0
Ironhook Prison,The Billhooks,0
Ironhook Prison,The Brigade,1
Ironhook Prison,Bluecoats,0
Ironhook Prison,Cabbies,-1
Ironhook Prison,The Church of the Ecstasy of the Flesh,0
Ironhook Prison,The Circle of Flame,0
Ironhook Prison,The Crows,-1
Ironhook Prison,Cyphers,0
Ironhook Prison,Deathlands Scavengers,1
Ironhook Prison,The Dimmer Sisters,0
Ironhook Prison,Dockers,0
Ironhook Prison,The Fog Hounds,0
Ironhook Prison,The Forgotten Gods,1
Ironhook Prison,The Foundation,-1
Ironhook Prison,Gondoliers,0
Ironhook Prison,The Gray Cloaks,0
Ironhook Prison,The Grinders,0
Ironhook Prison,The Hive,0
Ironhook Prison,The Horde,1
Ironhook Prison,Imperial Military,1
Ironhook Prison,Ink Rakes,0
Ironhook Prison,Inspectors,0
Ironhook Prison,Ironhook Prison,0.0
Ironhook Prison,The Lampblacks,0
Ironhook Prison,Leviathan Hunters,1
Ironhook Prison,Lord Scurlock,0
Ironhook Prison,The Lost,0
Ironhook Prison,Ministry of Preservation,-1
Ironhook Prison,The Path of Echoes,0
Ironhook Prison,Rail Jacks,0
Ironhook Prison,The Reconciled,0
Ironhook Prison,The Red Sashes,0
Ironhook Prison,Sailors,-2
Ironhook Prison,The Silver Nails,1
Ironhook Prison,Skovlander Refugees,-1
Ironhook Prison,Sparkwrights,0
Ironhook Prison,Spirit Wardens,0
Ironhook Prison,Ulf Ironborn,1
Ironhook Prison,The Unseen,0
Ironhook Prison,The Weeping Lady,0
Ironhook Prison,The Wraiths,0
Ironhook Prison,The Players,-1
The Lampblacks,The Billhooks,0
The Lampblacks,The Brigade,0
The Lampblacks,Bluecoats,0
The Lampblacks,Cabbies,0
The Lampblacks,The Church of the Ecstasy of the Flesh,0
The Lampblacks,The Circle of Flame,1
The Lampblacks,The Crows,-1
The Lampblacks,Cyphers,1
The Lampblacks,Deathlands Scavengers,0
The Lampblacks,The Dimmer Sisters,0
The Lampblacks,Dockers,1
The Lampblacks,The Fog Hounds,0
The Lampblacks,The Forgotten Gods,0
The Lampblacks,The Foundation,-1
The Lampblacks,Gondoliers,-1
The Lampblacks,The Gray Cloaks,0
The Lampblacks,The Grinders,-1
The Lampblacks,The Hive,0
The Lampblacks,The Horde,-2
The Lampblacks,Imperial Military,-1
The Lampblacks,Ink Rakes,0
The Lampblacks,Inspectors,1
The Lampblacks,Ironhook Prison,0
The Lampblacks,The Lampblacks,0.0
The Lampblacks,Leviathan Hunters,1
The Lampblacks,Lord Scurlock,0
The Lampblacks,The Lost,0
The Lampblacks,Ministry of Preservation,0
The Lampblacks,The Path of Echoes,0
The Lampblacks,Rail Jacks,0
The Lampblacks,The Reconciled,1
The Lampblacks,The Red Sashes,0
The Lampblacks,Sailors,-2
The Lampblacks,The Silver Nails,1
The Lampblacks,Skovlander Refugees,0
The Lampblacks,Sparkwrights,0
The Lampblacks,Spirit Wardens,1
The Lampblacks,Ulf Ironborn,0
The Lampblacks,The Unseen,0
The Lampblacks,The Weeping Lady,0
The Lampblacks,The Wraiths,1
The Lampblacks,The Players,1
Leviathan Hunters,The Billhooks,0
Leviathan Hunters,The Brigade,0
Leviathan Hunters,Bluecoats,1
Leviathan Hunters,Cabbies,0
Leviathan Hunters,The Church of the Ecstasy of the Flesh,0
Leviathan Hunters,The Circle of Flame,0
Leviathan Hunters,The Crows,0
Leviathan Hunters,Cyphers,0
Leviathan Hunters,Deathlands Scavengers,-1
Leviathan Hunters,The Dimmer Sisters,0
Leviathan Hunters,Dockers,1
Leviathan Hunters,The Fog Hounds,0
Leviathan Hunters,The Forgotten Gods,0
Leviathan Hunters,The Foundation,1
Leviathan Hunters,Gondoliers,0
Leviathan Hunters,The Gray Cloaks,1
Leviathan Hunters,The Grinders,0
Leviathan Hunters,The Hive,0
Leviathan Hunters,The Horde,0
Leviathan Hunters,Imperial Military,-1
Leviathan Hunters,Ink Rakes,0
Leviathan Hunters,Inspectors,1
Leviathan Hunters,Ironhook Prison,0
Leviathan Hunters,The Lampblacks,0
Leviathan Hunters,Leviathan Hunters,0.0
Leviathan Hunters,Lord Scurlock,-1
Leviathan Hunters,The Lost,0
Leviathan Hunters,Ministry of Preservation,0
Leviathan Hunters,The Path of Echoes,0
Leviathan Hunters,Rail Jacks,0
Leviathan Hunters,The Reconciled,0
Leviathan Hunters,The Red Sashes,0
Leviathan Hunters,Sailors,0
Leviathan Hunters,The Silver Nails,0
Leviathan Hunters,Skovlander Refugees,0
Leviathan Hunters,Sparkwrights,0
Leviathan Hunters,Spirit Wardens,0
Leviathan Hunters,Ulf Ironborn,1
Leviathan Hunters,The Unseen,0
Leviathan Hunters,The Weeping Lady,0
Leviathan Hunters,The Wraiths,-2
Leviathan Hunters,The Players,0
Lord Scurlock,The Billhooks,0
Lord Scurlock,The Brigade,0
Lord Scurlock,Bluecoats,-1
Lord Scurlock,Cabbies,-1
Lord Scurlock,The Church of the Ecstasy of the Flesh,-1
Lord Scurlock,The Circle of Flame,0
Lord Scurlock,The Crows,0
Lord Scurlock,Cyphers,0
Lord Scurlock,Deathlands Scavengers,0
Lord Scurlock,The Dimmer Sisters,1
Lord Scurlock,Dockers,-1
Lord Scurlock,The Fog Hounds,0
Lord Scurlock,The Forgotten Gods,0
Lord Scurlock,The Foundation,0
Lord Scurlock,Gondoliers,1
Lord Scurlock,The Gray Cloaks,-1
Lord Scurlock,The Grinders,0
Lord Scurlock,The Hive,1
Lord Scurlock,The Horde,0
Lord Scurlock,Imperial Military,0
Lord Scurlock,Ink Rakes,0
Lord Scurlock,Inspectors,0
Lord Scurlock,Ironhook Prison,0
Lord Scurlock,The Lampblacks,0
Lord Scurlock,Leviathan Hunters,0
Lord Scurlock,Lord Scurlock,0.0
Lord Scurlock,The Lost,1
Lord Scurlock,Ministry of Preservation,-1
Lord Scurlock,The Path of Echoes,0
Lord Scurlock,Rail Jacks,0
Lord Scurlock,The Reconciled,0
Lord Scurlock,The Red Sashes,0
Lord Scurlock,Sailors,0
Lord Scurlock,The Silver Nails,0
Lord Scurlock,Skovlander Refugees,0
Lord Scurlock,Sparkwrights,0
Lord Scurlock,Spirit Wardens,0
Lord Scurlock,Ulf Ironborn,1
Lord Scurlock,The Unseen,0
Lord Scurlock,The Weeping Lady,-1
Lord Scurlock,The Wraiths,0
Lord Scurlock,The Players,-1
The Lost,The Billhooks,0
The Lost,The Brigade,0
The Lost,Bluecoats,0
The Lost,Cabbies,0
The Lost,The Church of the Ecstasy of the Flesh,0
The Lost,The Circle of Flame,1
The Lost,The Crows,-1
The Lost,Cyphers,0
The Lost,Deathlands Scavengers,-1
The Lost,The Dimmer Sisters,-1
The Lost,Dockers,0
The Lost,The Fog Hounds,0
The Lost,The Forgotten Gods,0
The Lost,The Foundation,0
The Lost,Gondoliers,0
The Lost,The Gray Cloaks,0
The Lost,The Grinders,0
The Lost,The Hive,0
The Lost,The Horde,1
The Lost,Imperial Military,0
The Lost,Ink Rakes,0
The Lost,Inspectors,1
The Lost,Ironhook Prison,0
The Lost,The Lampblacks,0
The Lost,Leviathan Hunters,0
The Lost,Lord Scurlock,-1
The Lost,The Lost,0.0
The Lost,Ministry of Preservation,0
The Lost,The Path of Echoes,0
The Lost,Rail Jacks,0
The Lost,The Reconciled,0
The Lost,The Red Sashes,-1
The Lost,Sailors,0
The Lost,The Silver Nails,0
The Lost,Skovlander Refugees,0
The Lost,Sparkwrights,0
The Lost,Spirit Wardens,0
The Lost,Ulf Ironborn,-1
The Lost,The Unseen,0
The Lost,The Weeping Lady,0
The Lost,The Wraiths,0
The Lost,The Players,0
Ministry of Preservation,The Billhooks,0
Ministry of Preservation,The Brigade,1
Ministry of Preservation,Bluecoats,0
Ministry of Preservation,Cabbies,0
Ministry of Preservation,The Church of the Ecstasy of the Flesh,0
Ministry of Preservation,The Circle of Flame,-1
Ministry of Preservation,The Crows,-1
Ministry of Preservation,Cyphers,0
Ministry of Preservation,Deathlands Scavengers,0
Ministry of Preservation,The Dimmer Sisters,0
Ministry of Preservation,Dockers,0
Ministry of Preservation,The Fog Hounds,-1
Ministry of Preservation,The Forgotten Gods,0
Ministry of Preservation,The Foundation,-1
Ministry of Preservation,Gondoliers,0
Ministry of Preservation,The Gray Cloaks,-1
Ministry of Preservation,The Grinders,0
Ministry of Preservation,The Hive,1
Ministry of Preservation,The Horde,0
Ministry of Preservation,Imperial Military,-1
Ministry of Preservation,Ink Rakes,0
Ministry of Preservation,Inspectors,0
Ministry of Preservation,Ironhook Prison,-1
Ministry of Preservation,The Lampblacks,0
Ministry of Preservation,Leviathan Hunters,0
Ministry of Preservation,Lord Scurlock,1
Ministry of Preservation,The Lost,0
Ministry of Preservation,Ministry of Preservation,0.0
Ministry of Preservation,The Path of Echoes,0
Ministry of Preservation,Rail Jacks,1
Ministry of Preservation,The Reconciled,1
Ministry of Preservation,The Red Sashes,0
Ministry of Preservation,Sailors,0
Ministry of Preservation,The Silver Nails,0
Ministry of Preservation,Skovlander Refugees,-1
Ministry of Preservation,Sparkwrights,-1
Ministry of Preservation,Spirit Wardens,0
Ministry of Preservation,Ulf Ironborn,1
Ministry of Preservation,The Unseen,0
Ministry of Preservation,The Weeping Lady,0
Ministry of Preservation,The Wraiths,0
Ministry of Preservation,The Players,0
The Path of Echoes,The Billhooks,-1
The Path of Echoes,The Brigade,0
The Path of Echoes,Bluecoats,0
The Path of Echoes,Cabbies,0
The Path of Echoes,The Church of the Ecstasy of the Flesh,0
The Path of Echoes,The Circle of Flame,1
The Path of Echoes,The Crows,0
The Path of Echoes,Cyphers,0
The Path of Echoes,Deathlands Scavengers,0
The Path of Echoes,The Dimmer Sisters,0
The Path of Echoes,Dockers,0
The Path of Echoes,The Fog Hounds,0
The Path of Echoes,The Forgotten Gods,0
The Path of Echoes,The Foundation,2
The Path of Echoes,Gondoliers,0
The Path of Echoes,The Gray Cloaks,0
The Path of Echoes,The Grinders,0
The Path of Echoes,The Hive,-1
The Path of Echoes,The Horde,0
The Path of Echoes,Imperial Military,0
The Path of Echoes,Ink Rakes,0
The Path of Echoes,Inspectors,0
The Path of Echoes,Ironhook Prison,0
The Path of Echoes,The Lampblacks,0
The Path of Echoes,Leviathan Hunters,0
The Path of Echoes,Lord Scurlock,0
The Path of Echoes,The Lost,0
The Path of Echoes,Ministry of Preservation,0
The Path of Echoes,The Path of Echoes,0.0
The Path of Echoes,Rail Jacks,0
The Path of Echoes,The Reconciled,1
The Path of Echoes,The Red Sashes,-1
The Path of Echoes,Sailors,0
The Path of Echoes,The Silver Nails,1
The Path of Echoes,Skovlander Refugees,0
The Path of Echoes,Sparkwrights,0
The Path of Echoes,Spirit Wardens,0
The Path of Echoes,Ulf Ironborn,0
The Path of Echoes,The Unseen,-1
The Path of Echoes,The Weeping Lady,0
The Path of Echoes,The Wraiths,0
The Path of Echoes,The Players,-1
Rail Jacks,The Billhooks,-1
Rail Jacks,The Brigade,0
Rail Jacks,Bluecoats,0
Rail Jacks,Cabbies,-1
Rail Jacks,The Church of the Ecstasy of the Flesh,0
Rail Jacks,The Circle of Flame,0
Rail Jacks,The Crows,0
Rail Jacks,Cyphers,0
Rail Jacks,Deathlands Scavengers,0
Rail Jacks,The Dimmer Sisters,0
Rail Jacks,Dockers,0
Rail Jacks,The Fog Hounds,0
Rail Jacks,The Forgotten Gods,0
Rail Jacks,The Foundation,0
Rail Jacks,Gondoliers,-1
Rail Jacks,The Gray Cloaks,0
Rail Jacks,The Grinders,0
Rail Jacks,The Hive,0
Rail Jacks,The Horde,0
Rail Jacks,Imperial Military,0
Rail Jacks,Ink Rakes,0
Rail Jacks,Inspectors,0
Rail Jacks,Ironhook Prison,-1
Rail Jacks,The Lampblacks,0
Rail Jacks,Leviathan Hunters,0
Rail Jacks,Lord Scurlock,1
Rail Jacks,The Lost,0
Rail Jacks,Ministry of Preservation,1
Rail Jacks,The Path of Echoes,0
Rail Jacks,Rail Jacks,0.0
Rail Jacks,The Reconciled,0
Rail Jacks,The Red Sashes,0
Rail Jacks,Sailors,-2
Rail Jacks,The Silver Nails,-1
Rail Jacks,Skovlander Refugees,0
Rail Jacks,Sparkwrights,1
Rail Jacks,Spirit Wardens,1
Rail Jacks,Ulf Ironborn,0
Rail Jacks,The Unseen,1
Rail Jacks,The Weeping Lady,0
Rail Jacks,The Wraiths,2
Rail Jacks,The Players,0
The Reconciled,The Billhooks,0
The Reconciled,The Brigade,1
The Reconciled,Bluecoats,0
The Reconciled,Cabbies,0
The Reconciled,The Church of the Ecstasy of the Flesh,0
The Reconciled,The Circle of Flame,0
The Reconciled,The Crows,0
The Reconciled,Cyphers,0
The Reconciled,Deathlands Scavengers,1
The Reconciled,The Dimmer Sisters,0
The Reconciled,Dockers,0
The Reconciled,The Fog Hounds,-1
The Reconciled,The Forgotten Gods,-1
The Reconciled,The Foundation,1
The Reconciled,Gondoliers,-1
The Reconciled,The Gray Cloaks,0
The Reconciled,The Grinders,0
The Reconciled,The Hive,0
The Reconciled,The Horde,1
The Reconciled,Imperial Military,1
The Reconciled,Ink Rakes,0
The Reconciled,Inspectors,0
The Reconciled,Ironhook Prison,0
The Reconciled,The Lampblacks,0
The Reconciled,Leviathan Hunters,0
The Reconciled,Lord Scurlock,0
The Reconciled,The Lost,0
The Reconciled,Ministry of Preservation,0
The Reconciled,The Path of Echoes,0
The Reconciled,Rail Jacks,1
The Reconciled,The Reconciled,0.0
The Reconciled,The Red Sashes,-1
The Reconciled,Sailors,0
The Reconciled,The Silver Nails,1
The Reconciled,Skovlander Refugees,0
The Reconciled,Sparkwrights,0
The Reconciled,Spirit Wardens,1
The Reconciled,Ulf Ironborn,0
The Reconciled,The Unseen,0
The Reconciled,The Weeping Lady,0
The Reconciled,The Wraiths,-1
The Reconciled,The Players,2
The Red Sashes,The Billhooks,0
The Red Sashes,The Brigade,-1
The Red Sashes,Bluecoats,0
The Red Sashes,Cabbies,0
The Red Sashes,The Church of the Ecstasy of the Flesh,0
The Red Sashes,The Circle of Flame,0
The Red Sashes,The Crows,0
The Red Sashes,Cyphers,0
The Red Sashes,Deathlands Scavengers,0
The Red Sashes,The Dimmer Sisters,0
The Red Sashes,Dockers,0
The Red Sashes,The Fog Hounds,0
The Red Sashes,The Forgotten Gods,0
The Red Sashes,The Foundation,0
The Red Sashes,Gondoliers,0
The Red Sashes,The Gray Cloaks,0
The Red Sashes,The Grinders,0
The Red Sashes,The Hive,0
The Red Sashes,The Horde,1
The Red Sashes,Imperial Military,0
The Red Sashes,Ink Rakes,1
The Red Sashes,Inspectors,0
The Red Sashes,Ironhook Prison,-1
The Red Sashes,The Lampblacks,1
The Red Sashes,Leviathan Hunters,0
The Red Sashes,Lord Scurlock,0
The Red Sashes,The Lost,0
The Red Sashes,Ministry of Preservation,-2
The Red Sashes,The Path of Echoes,0
The Red Sashes,Rail Jacks,0
The Red Sashes,The Reconciled,0
The Red Sashes,The Red Sashes,0.0
The Red Sashes,Sailors,-1
The Red Sashes,The Silver Nails,-1
The Red Sashes,Skovlander Refugees,-1
The Red Sashes,Sparkwrights,0
The Red Sashes,Spirit Wardens,1
The Red Sashes,Ulf Ironborn,0
The Red Sashes,The Unseen,-1
The Red Sashes,The Weeping Lady,1
The Red Sashes,The Wraiths,0
The Red Sashes,The Players,0
Sailors,The Billhooks,0
Sailors,The Brigade,0
Sailors,Bluecoats,0
Sailors,Cabbies,0
Sailors,The Church of the Ecstasy of the Flesh,0
Sailors,The Circle of Flame,0
Sailors,The Crows,1
Sailors,Cyphers,0
Sailors,Deathlands Scavengers,0
Sailors,The Dimmer Sisters,0
Sailors,Dockers,-1
Sailors,The Fog Hounds,-1
Sailors,The Forgotten Gods,0
Sailors,The Foundation,0
Sailors,Gondoliers,0
Sailors,The Gray Cloaks,-1
Sailors,The Grinders,0
Sailors,The Hive,0
Sailors,The Horde,0
Sailors,Imperial Military,-1
Sailors,Ink Rakes,0
Sailors,Inspectors,0
Sailors,Ironhook Prison,0
Sailors,The Lampblacks,0
Sailors,Leviathan Hunters,0
Sailors,Lord Scurlock,0
Sailors,The Lost,0
Sailors,Ministry of Preservation,0
Sailors,The Path of Echoes,1
Sailors,Rail Jacks,0
Sailors,The Reconciled,-1
Sailors,The Red Sashes,1
Sailors,Sailors,0.0
Sailors,The Silver Nails,0
Sailors,Skovlander Refugees,0
Sailors,Sparkwrights,-1
Sailors,Spirit Wardens,0
Sailors,Ulf Ironborn,0
Sailors,The Unseen,0
Sailors,The Weeping Lady,0
Sailors,The Wraiths,0
Sailors,The Players,0
The Silver Nails,The Billhooks,0
The Silver Nails,The Brigade,0
The Silver Nails,Bluecoats,0
The Silver Nails,Cabbies,0
The Silver Nails,The Church of the Ecstasy of the Flesh,0
The Silver Nails,The Circle of Flame,0
The Silver Nails,The Crows,0
The Silver Nails,Cyphers,0
The Silver Nails,Deathlands Scavengers,0
The Silver Nails,The Dimmer Sisters,0
The Silver Nails,Dockers,0
The Silver Nails,The Fog Hounds,0
The Silver Nails,The Forgotten Gods,0
The Silver Nails,The Foundation,0
The Silver Nails,Gondoliers,-2
The Silver Nails,The Gray Cloaks,0
The Silver Nails,The Grinders,0
The Silver Nails,The Hive,1
The Silver Nails,The Horde,0
The Silver Nails,Imperial Military,2
The Silver Nails,Ink Rakes,0
The Silver Nails,Inspectors,0
The Silver Nails,Ironhook Prison,-1
The Silver Nails,The Lampblacks,0
The Silver Nails,Leviathan Hunters,2
The Silver Nails,Lord Scurlock,1
The Silver Nails,The Lost,1
The Silver Nails,Ministry of Preservation,0
The Silver Nails,The Path of Echoes,1
The Silver Nails,Rail Jacks,0
The Silver Nails,The Reconciled,0
The Silver Nails,The Red Sashes,0
The Silver Nails,Sailors,0
The Silver Nails,The Silver Nails,0.0
The Silver Nails,Skovlander Refugees,0
The Silver Nails,Sparkwrights,0
The Silver Nails,Spirit Wardens,0
The Silver Nails,Ulf Ironborn,0
The Silver Nails,The Unseen,1
The Silver Nails,The Weeping Lady,0
The Silver Nails,The Wraiths,-1
The Silver Nails,The Players,0
Skovlander Refugees,The Billhooks,0
Skovlander Refugees,The Brigade,0
Skovlander Refugees,Bluecoats,0
Skovlander Refugees,Cabbies,-1
Skovlander Refugees,The Church of the Ecstasy of the Flesh,0
Skovlander Refugees,The Circle of Flame,0
Skovlander Refugees,The Crows,0
Skovlander Refugees,Cyphers,-1
Skovlander Refugees,Deathlands Scavengers,1
Skovlander Refugees,The Dimmer Sisters,0
Skovlander Refugees,Dockers,0
Skovlander Refugees,The Fog Hounds,1
Skovlander Refugees,The Forgotten Gods,0
Skovlander Refugees,The Foundation,0
Skovlander Refugees,Gondoliers,0
Skovlander Refugees,The Gray Cloaks,0
Skovlander Refugees,The Grinders,0
Skovlander Refugees,The Hive,0
Skovlander Refugees,The Horde,0
Skovlander Refugees,Imperial Military,1
Skovlander Refugees,Ink Rakes,0
Skovlander Refugees,Inspectors,-1
Skovlander Refugees,Ironhook Prison,0
Skovlander Refugees,The Lampblacks,1
Skovlander Refugees,Leviathan Hunters,1
Skovlander Refugees,Lord Scurlock,0
Skovlander Refugees,The Lost,-2
Skovlander Refugees,Ministry of Preservation,-1
Skovlander Refugees,The Path of Echoes,0
Skovlander Refugees,Rail Jacks,2
Skovlander Refugees,The Reconciled,0
Skovlander Refugees,The Red Sashes,-1
Skovlander Refugees,Sailors,0
Skovlander Refugees,The Silver Nails,1
Skovlander Refugees,Skovlander Refugees,0.0
Skovlander Refugees,Sparkwrights,0
Skovlander Refugees,Spirit Wardens,-1
Skovlander Refugees,Ulf Ironborn,0
Skovlander Refugees,The Unseen,0
Skovlander Refugees,The Weeping Lady,0
Skovlander Refugees,The Wraiths,0
Skovlander Refugees,The Players,1
Sparkwrights,The Billhooks,0
Sparkwrights,The Brigade,1
Sparkwrights,Bluecoats,-1
Sparkwrights,Cabbies,0
Sparkwrights,The Church of the Ecstasy of the Flesh,0
Sparkwrights,The Circle of Flame,0
Sparkwrights,The Crows,1
Sparkwrights,Cyphers,0
Sparkwrights,Deathlands Scavengers,-2
Sparkwrights,The Dimmer Sisters,0
Sparkwrights,Dockers,1
Sparkwrights,The Fog Hounds,1
Sparkwrights,The Forgotten Gods,0
Sparkwrights,The Foundation,0
Sparkwrights,Gondoliers,1
Sparkwrights,The Gray Cloaks,0
Sparkwrights,The Grinders,0
Sparkwrights,The Hive,0
Sparkwrights,The Horde,-2
Sparkwrights,Imperial Military,0
Sparkwrights,Ink Rakes,0
Sparkwrights,Inspectors,1
Sparkwrights,Ironhook Prison,0
Sparkwrights,The Lampblacks,0
Sparkwrights,Leviathan Hunters,0
Sparkwrights,Lord Scurlock,-1
Sparkwrights,The Lost,0
Sparkwrights,Ministry of Preservation,0
Sparkwrights,The Path of Echoes,0
Sparkwrights,Rail Jacks,0
Sparkwrights,The Reconciled,0
Sparkwrights,The Red Sashes,1
Sparkwrights,Sailors,-1
Sparkwrights,The Silver Nails,0
Sparkwrights,Skovlander Refugees,0
Sparkwrights,Sparkwrights,0.0
Sparkwrights,Spirit Wardens,1
Sparkwrights,Ulf Ironborn,0
Sparkwrights,The Unseen,0
Sparkwrights,The Weeping Lady,0
Sparkwrights,The Wraiths,0
Sparkwrights,The Players,0
Spirit Wardens,The Billhooks,0
Spirit Wardens,The Brigade,0
Spirit Wardens,Bluecoats,0
Spirit Wardens,Cabbies,0
Spirit Wardens,The Church of the Ecstasy of the Flesh,-1
Spirit Wardens,The Circle of Flame,0
Spirit Wardens,The Crows,0
Spirit Wardens,Cyphers,0
Spirit Wardens,Deathlands Scavengers,-1
Spirit Wardens,The Dimmer Sisters,0
Spirit Wardens,Dockers,0
Spirit Wardens,The Fog Hounds,0
Spirit Wardens,The Forgotten Gods,-1
Spirit Wardens,The Foundation,0
Spirit Wardens,Gondoliers,0
Spirit Wardens,The Gray Cloaks,0
Spirit Wardens,The Grinders,0
Spirit Wardens,The Hive,0
Spirit Wardens,The Horde,-2
Spirit Wardens,Imperial Military,0
Spirit Wardens,Ink Rakes,0
Spirit Wardens,Inspectors,1
Spirit Wardens,Ironhook Prison,0
Spirit Wardens,The Lampblacks,1
Spirit Wardens,Leviathan Hunters,-1
Spirit Wardens,Lord Scurlock,-1
Spirit Wardens,The Lost,0
Spirit Wardens,Ministry of Preservation,1
Spirit Wardens,The Path of Echoes,0
Spirit Wardens,Rail Jacks,0
Spirit Wardens,The Reconciled,0
Spirit Wardens,The Red Sashes,0
Spirit Wardens,Sailors,0
Spirit Wardens,The Silver Nails,1
Spirit Wardens,Skovlander Refugees,0
Spirit Wardens,Sparkwrights,0
Spirit Wardens,Spirit Wardens,0.0
Spirit Wardens,Ulf Ironborn,0
Spirit Wardens,The Unseen,0
Spirit Wardens,The Weeping Lady,0
Spirit Wardens,The Wraiths,-1
Spirit Wardens,The Players,1
Ulf Ironborn,The Billhooks,-1
Ulf Ironborn,The Brigade,0
Ulf Ironborn,Bluecoats,1
Ulf Ironborn,Cabbies,0
Ulf Ironborn,The Church of the Ecstasy of the Flesh,0
Ulf Ironborn,The Circle of Flame,0
Ulf Ironborn,The Crows,0
Ulf Ironborn,Cyphers,0
Ulf Ironborn,Deathlands Scavengers,0
Ulf Ironborn,The Dimmer Sisters,0
Ulf Ironborn,Dockers,0
Ulf Ironborn,The Fog Hounds,0
Ulf Ironborn,The Forgotten Gods,0
Ulf Ironborn,The Foundation,0
Ulf Ironborn,Gondoliers,2
Ulf Ironborn,The Gray Cloaks,-1
Ulf Ironborn,The Grinders,0
Ulf Ironborn,The Hive,0
Ulf Ironborn,The Horde,0
Ulf Ironborn,Imperial Military,-2
Ulf Ironborn,Ink Rakes,-1
Ulf Ironborn,Inspectors,1
Ulf Ironborn,Ironhook Prison,0
Ulf Ironborn,The Lampblacks,1
Ulf Ironborn,Leviathan Hunters,0
Ulf Ironborn,Lord Scurlock,0
Ulf Ironborn,The Lost,0
Ulf Ironborn,Ministry of Preservation,1
Ulf Ironborn,The Path of Echoes,0
Ulf Ironborn,Rail Jacks,0
Ulf Ironborn,The Reconciled,2
Ulf Ironborn,The Red Sashes,0
Ulf Ironborn,Sailors,0
Ulf Ironborn,The Silver Nails,0
Ulf Ironborn,Skovlander Refugees,0
Ulf Ironborn,Sparkwrights,0
Ulf Ironborn,Spirit Wardens,0
Ulf Ironborn,Ulf Ironborn,0.0
Ulf Ironborn,The Unseen,-1
Ulf Ironborn,The Weeping Lady,0
Ulf Ironborn,The Wraiths,0
Ulf Ironborn,The Players,0
The Unseen,The Billhooks,0
The Unseen,The Brigade,0
The Unseen,Bluecoats,0
The Unseen,Cabbies,0
The Unseen,The Church of the Ecstasy of the Flesh,0
The Unseen,The Circle of Flame,-1
The Unseen,The Crows,0
The Unseen,Cyphers,-1
The Unseen,Deathlands Scavengers,0
The Unseen,The Dimmer Sisters,-1
The Unseen,Dockers,0
The Unseen,The Fog Hounds,-1
The Unseen,The Forgotten Gods,0
The Unseen,The Foundation,0
The Unseen,Gondoliers,0
The Unseen,The Gray Cloaks,0
The Unseen,The Grinders,0
The Unseen,The Hive,-2
The Unseen,The Horde,0
The Unseen,Imperial Military,0
The Unseen,Ink Rakes,0
The Unseen,Inspectors,0
The Unseen,Ironhook Prison,0
The Unseen,The Lampblacks,0
The Unseen,Leviathan Hunters,0
The Unseen,Lord Scurlock,0
The Unseen,The Lost,1
The Unseen,Ministry of Preservation,-1
The Unseen,The Path of Echoes,0
The Unseen,Rail Jacks,0
The Unseen,The Reconciled,0
The Unseen,The Red Sashes,0
The Unseen,Sailors,1
The Unseen,The Silver Nails,0
The Unseen,Skovlander Refugees,0
The Unseen,Sparkwrights,0
The Unseen,Spirit Wardens,0
The Unseen,Ulf Ironborn,2
The Unseen,The Unseen,0.0
The Unseen,The Weeping Lady,0
The Unseen,The Wraiths,0
The Unseen,The Players,0
The Weeping Lady,The Billhooks,-1
The Weeping Lady,The Brigade,0
The Weeping Lady,Bluecoats,0
The Weeping Lady,Cabbies,1
The Weeping Lady,The Church of the Ecstasy of the Flesh,1
The Weeping Lady,The Circle of Flame,-1
The Weeping Lady,The Crows,0
The Weeping Lady,Cyphers,1
The Weeping Lady,Deathlands Scavengers,0
The Weeping Lady,The Dimmer Sisters,-1
The Weeping Lady,Dockers,0
The Weeping Lady,The Fog Hounds,1
The Weeping Lady,The Forgotten Gods,0
The Weeping Lady,The Foundation,0
The Weeping Lady,Gondoliers,0
The Weeping Lady,The Gray Cloaks,0
The Weeping Lady,The Grinders,0
The Weeping Lady,The Hive,-1
The Weeping Lady,The Horde,0
The Weeping Lady,Imperial Military,0
The Weeping Lady,Ink Rakes,0
The Weeping Lady,Inspectors,0
The Weeping Lady,Ironhook Prison,-1
The Weeping Lady,The Lampblacks,0
The Weeping Lady,Leviathan Hunters,0
The Weeping Lady,Lord Scurlock,0
The Weeping Lady,The Lost,1
The Weeping Lady,Ministry of Preservation,-1
The Weeping Lady,The Path of Echoes,0
The Weeping Lady,Rail Jacks,0
The Weeping Lady,The Reconciled,0
The Weeping Lady,The Red Sashes,0
The Weeping Lady,Sailors,-1
The Weeping Lady,The Silver Nails,-1
The Weeping Lady,Skovlander Refugees,0
The Weeping Lady,Sparkwrights,0
The Weeping Lady,Spirit Wardens,0
The Weeping Lady,Ulf Ironborn,0
The Weeping Lady,The Unseen,0
The Weeping Lady,The Weeping Lady,0.0
The Weeping Lady,The Wraiths,0
The Weeping Lady,The Players,1
The Wraiths,The Billhooks,-1
The Wraiths,The Brigade,0
The Wraiths,Bluecoats,0
The Wraiths,Cabbies,0
The Wraiths,The Church of the Ecstasy of the Flesh,0
The Wraiths,The Circle of Flame,0
The Wraiths,The Crows,0
The Wraiths,Cyphers,1
The Wraiths,Deathlands Scavengers,0
The Wraiths,The Dimmer Sisters,0
The Wraiths,Dockers,0
The Wraiths,The Fog Hounds,0
The Wraiths,The Forgotten Gods,-1
The Wraiths,The Foundation,0
The Wraiths,Gondoliers,0
The Wraiths,The Gray Cloaks,0
The Wraiths,The Grinders,0
The Wraiths,The Hive,0
The Wraiths,The Horde,0
The Wraiths,Imperial Military,0
The Wraiths,Ink Rakes,0
The Wraiths,Inspectors,0
The Wraiths,Ironhook Prison,-1
The Wraiths,The Lampblacks,0
The Wraiths,Leviathan Hunters,0
The Wraiths,Lord Scurlock,0
The Wraiths,The Lost,0
The Wraiths,Ministry of Preservation,0
The Wraiths,The Path of Echoes,0
The Wraiths,Rail Jacks,-1
The Wraiths,The Reconciled,0
The Wraiths,The Red Sashes,0
The Wraiths,Sailors,0
The Wraiths,The Silver Nails,0
The Wraiths,Skovlander Refugees,0
The Wraiths,Sparkwrights,0
The Wraiths,Spirit Wardens,0
The Wraiths,Ulf Ironborn,0
The Wraiths,The Unseen,0
The Wraiths,The Weeping Lady,0
The Wraiths,The Wraiths,0.0
The Wraiths,The Players,-1
The Players,The Billhooks,1
The Players,The Brigade,-1
The Players,Bluecoats,0
The Players,Cabbies,0
The Players,The Church of the Ecstasy of the Flesh,-1
The Players,The Circle of Flame,0
The Players,The Crows,0
The Players,Cyphers,0
The Players,Deathlands Scavengers,1
The Players,The Dimmer Sisters,0
The Players,Dockers,0
The Players,The Fog Hounds,0
The Players,The Forgotten Gods,1
The Players,The Foundation,0
The Players,Gondoliers,0
The Players,The Gray Cloaks,0
The Players,The Grinders,-1
The Players,The Hive,0
The Players,The Horde,-1
The Players,Imperial Military,0
The Players,Ink Rakes,0
The Players,Inspectors,0
The Players,Ironhook Prison,-1
The Players,The Lampblacks,1
The Players,Leviathan Hunters,-1
The Players,Lord Scurlock,-1
The Players,The Lost,1
The Players,Ministry of Preservation,-1
The Players,The Path of Echoes,0
The Players,Rail Jacks,0
The Players,The Reconciled,0
The Players,The Red Sashes,0
The Players,Sailors,0
The Players,The Silver Nails,1
The Players,Skovlander Refugees,-1
The Players,Sparkwrights,1
The Players,Spirit Wardens,1
The Players,Ulf Ironborn,0
The Players,The Unseen,0
The Players,The Weeping Lady,0
The Players,The Wraiths,0
The Players,The Players,0.0
